{"Shear":{"0":-0.4361024505,"1":0.0181412846,"2":-0.0230634967,"3":-0.3398965559,"4":0.2955710639,"5":-0.0528088834,"6":0.2732724933,"7":0.2185302645,"8":-0.0361357852,"9":0.1127613649,"10":0.0356394875,"11":-0.4978956919},"Stretch":{"0":-0.2978181338,"1":-0.2886192498,"2":-0.279991366,"3":-0.4708920807,"4":-0.1714782419,"5":0.0007484525,"6":-0.0831673644,"7":-0.1747357995,"8":-0.2823476903,"9":-0.3071780065,"10":-0.3030048093,"11":-0.1454004731},"Stagger":{"0":0.1061779176,"1":0.2454219431,"2":0.2223989701,"3":-0.189006576,"4":-0.0318541316,"5":0.1601870262,"6":0.1156675236,"7":-0.1294161774,"8":-0.0241921919,"9":0.2709055298,"10":0.5518331235,"11":0.2089478258},"Buckle":{"0":2.2512788076,"1":-4.2702537429,"2":-6.4332385725,"3":8.7100484075,"4":4.7853047868,"5":4.796288883,"6":-0.0806256661,"7":-2.1141517426,"8":-10.1223188621,"9":1.9275272967,"10":-3.6405150642,"11":5.8700107908},"Propeller":{"0":-13.2198830027,"1":-10.7985041642,"2":-3.5761203078,"3":-10.048980021,"4":-16.1589627874,"5":-17.6206962036,"6":-17.2186778105,"7":-17.1480965967,"8":-15.9777194695,"9":-4.6954100974,"10":-16.9701652285,"11":2.7448729883},"Opening":{"0":-4.0791934445,"1":-4.4096388411,"2":-2.955302135,"3":-1.8762340102,"4":-2.0484665353,"5":1.3636627346,"6":3.744323966,"7":-3.2817309834,"8":-1.5446764543,"9":-1.7522671269,"10":-5.8847087936,"11":-4.1834286761}}
