{"Shift":{"0":-0.3216542449,"1":0.4668335483,"2":-0.325741576,"3":-0.0840736873,"4":0.0504795074,"5":0.3041276609,"6":-0.2478510726,"7":0.1101209477,"8":0.3735838807,"9":-1.1978045165,"10":0.7245789951},"Slide":{"0":0.1662120218,"1":0.1750368319,"2":0.69904342,"3":0.0972100506,"4":-0.3390640898,"5":-0.7700243223,"6":-0.217595828,"7":-0.0195578003,"8":0.8492866562,"9":0.3610952444,"10":0.106138333},"Rise":{"0":3.4814952652,"1":3.4912846234,"2":3.0731262465,"3":3.3312493487,"4":3.2263813266,"5":3.3472912415,"6":3.2729044654,"7":3.3387278774,"8":3.2138401917,"9":3.6531011536,"10":3.2459792649},"Tilt":{"0":-2.8196292532,"1":0.6169800604,"2":3.7258684959,"3":-2.4162745143,"4":-1.3078130803,"5":1.7968222955,"6":3.0982776359,"7":-0.0431426473,"8":-2.9332417919,"9":-4.4100036485,"10":3.2352145763},"Roll":{"0":6.7771286573,"1":-4.4377854936,"2":7.6887452484,"3":3.3039468717,"4":1.1410814832,"5":-3.0565464853,"6":0.5813980242,"7":-0.1145232585,"8":3.5043109534,"9":-12.0468352264,"10":-2.6666869808},"Twist":{"0":40.1026560475,"1":38.1455920465,"2":24.910732327,"3":39.9205801752,"4":35.5007543178,"5":36.2530589742,"6":35.6656325943,"7":38.079418554,"8":29.7708259549,"9":40.6326077163,"10":32.881410188}}
