{"X-disp":{"0":-0.5380489694,"1":0.860871695,"2":-0.4791858315,"3":-0.2329678409,"4":-0.7311626486,"5":-0.8233607138,"6":-0.4555753146,"7":-0.0277655816,"8":1.0453226383,"9":1.8865949966,"10":0.6295758596},"Y-disp":{"0":0.1582363939,"1":-0.6842421703,"2":1.6197839912,"3":-0.1586216639,"4":-0.3135331467,"5":-0.2888721964,"6":0.9594126822,"7":-0.2012565428,"8":-1.2074602547,"9":1.3295794666,"10":-0.8483719806},"H-rise":{"0":3.5002512519,"1":3.4674558119,"2":3.0794350712,"3":3.3575993557,"4":3.2477072419,"5":3.4511554555,"6":3.26411889,"7":3.3803187189,"8":3.267993735,"9":3.5322992638,"10":3.3011063271},"Inclination":{"0":9.5480737323,"1":-6.8634869773,"2":18.081575516,"3":4.7898067674,"4":1.6287913168,"5":-4.8950479784,"6":-1.1628426521,"7":-0.2985981295,"8":7.2499979306,"9":-16.7816602221,"10":-4.7360743855},"Tip":{"0":4.0087478029,"1":-0.7009110848,"2":-8.1372360262,"3":3.4072219985,"4":2.4994194054,"5":-2.5745082459,"6":-5.9100930945,"7":0.2484042676,"8":5.8289818056,"9":5.4562642536,"10":-4.8148258517},"H-twist":{"0":40.4964290186,"1":38.3078488962,"2":26.628935098,"3":40.0796775944,"4":35.5268501197,"5":36.3506536533,"6":35.6625739234,"7":38.0800768216,"8":30.20855713,"9":42.841999358,"10":32.9866372443}}
